{
  "age": 70.0,
  "comorbidity_count": 3.0,
  "length_of_stay": 3.0,
  "icu_flag": 0.0,
  "prior_admissions_1yr": 0.0,
  "prior_ed_visits_1yr": 3.0,
  "sodium": 134.25399780273438,
  "potassium": 3.9030001163482666,
  "creatinine": 0.6380000114440918,
  "bun": 19.44700050354004,
  "glucose": 130.92799377441406,
  "hemoglobin": 15.177000045776367,
  "wbc": 8.227999687194824,
  "platelets": 141.3509979248047,
  "albumin": 3.4079999923706055,
  "total_bili": 3.2960000038146973,
  "ast": 17.39699935913086,
  "alt": 14.01099967956543,
  "inr": 1.1820000410079956,
  "lactate": 3.1689999103546143,
  "troponin": 0.16300000250339508,
  "heart_rate": 62.900001525878906,
  "systolic_bp": 112.30000305175781,
  "diastolic_bp": 66.19999694824219,
  "temperature": 37.79999923706055,
  "respiratory_rate": 16.399999618530273,
  "spo2": 94.69999694824219,
  "med_ACE_inhibitor": 1.0,
  "med_beta_blocker": 0.0,
  "med_diuretic": 0.0,
  "med_anticoagulant": 0.0,
  "med_antibiotic": 0.0,
  "med_insulin": 0.0,
  "med_corticosteroid": 1.0,
  "med_antidepressant": 0.0,
  "med_statin": 1.0,
  "med_bronchodilator": 0.0,
  "med_antipsychotic": 1.0,
  "med_opioid_analgesic": 0.0,
  "gender_F": 1.0,
  "gender_M": 0.0,
  "race_Asian": 0.0,
  "race_Black": 0.0,
  "race_Hispanic": 0.0,
  "race_Other": 0.0,
  "race_White": 1.0,
  "insurance_Medicaid": 1.0,
  "insurance_Medicare": 0.0,
  "insurance_Private": 0.0,
  "insurance_Self-pay": 0.0,
  "primary_icd10_A41": 0.0,
  "primary_icd10_C34": 0.0,
  "primary_icd10_E11": 0.0,
  "primary_icd10_E86": 0.0,
  "primary_icd10_F20": 0.0,
  "primary_icd10_G20": 0.0,
  "primary_icd10_I10": 0.0,
  "primary_icd10_I21": 0.0,
  "primary_icd10_I50": 0.0,
  "primary_icd10_I63": 0.0,
  "primary_icd10_J18": 0.0,
  "primary_icd10_J44": 0.0,
  "primary_icd10_J96": 0.0,
  "primary_icd10_K56": 0.0,
  "primary_icd10_K57": 1.0,
  "primary_icd10_K92": 0.0,
  "primary_icd10_M54": 0.0,
  "primary_icd10_N18": 0.0,
  "primary_icd10_S72": 0.0,
  "primary_icd10_Z38": 0.0,
  "care_unit_CCU": 0.0,
  "care_unit_CSRU": 0.0,
  "care_unit_MED": 1.0,
  "care_unit_MICU": 0.0,
  "care_unit_NICU": 0.0,
  "care_unit_ONCO": 0.0,
  "care_unit_PSYCH": 0.0,
  "care_unit_SICU": 0.0,
  "care_unit_SURG": 0.0,
  "discharge_disposition_AMA": 0.0,
  "discharge_disposition_Expired": 0.0,
  "discharge_disposition_Home": 1.0,
  "discharge_disposition_Home_Health": 0.0,
  "discharge_disposition_Rehab": 0.0,
  "discharge_disposition_SNF": 0.0,
  "creatinine_bun_ratio": 0.0328071154654026,
  "sodium_potassium_ratio": 34.39763259887695,
  "shock_index": 0.5601068735122681,
  "pulse_pressure": 46.099998474121094,
  "age_los_interaction": 210.0,
  "prior_admissions_ed_total": 3.0,
  "albumin_creatinine_ratio": 5.341684341430664,
  "high_wbc": 0.0,
  "low_hemoglobin": 0.0,
  "elevated_lactate": 1.0,
  "high_inr": 0.0,
  "low_albumin": 1.0,
  "hypotension": 0.0,
  "tachycardia": 0.0,
  "hypoxia": 0.0
}